{"cameraMode":{"drawMode":0,"name":"Shaded","section":"Shading Mode"},"sceneLighting":false,"audioPlay":false,"sceneViewState":{"showFog":false,"showMaterialUpdate":false,"showSkybox":false,"showFlares":false,"showImageEffects":false,"showParticleSystems":true},"in2DMode":false,"pivot":{"x":-1.8031151294708253,"y":0.4507870674133301,"z":-1.60917329788208},"rotation":{"x":0.1950804591178894,"y":-0.6772263050079346,"z":0.19356520473957063,"w":0.6825264096260071},"size":9.028179168701172,"orthographic":false}