{"cameraMode":{"drawMode":0,"name":"Shaded","section":"Shading Mode"},"sceneLighting":false,"audioPlay":false,"sceneViewState":{"showFog":true,"showMaterialUpdate":false,"showSkybox":true,"showFlares":true,"showImageEffects":true,"showParticleSystems":true},"in2DMode":false,"pivot":{"x":0.45173215866088869,"y":0.5,"z":-0.49435949325561526},"rotation":{"x":-0.04617806524038315,"y":0.9536755681037903,"z":-0.21858364343643189,"w":-0.2014738768339157},"size":19.874797821044923,"orthographic":false}